0,face,0,725,181,795,276,0
0,face,1,954,263,1020,356,0
0,face,2,366,142,442,253,0
1,face,0,725,181,795,275,0
1,face,1,954,263,1021,357,0
1,face,2,367,143,443,253,0
2,face,0,725,181,795,275,0
2,face,1,954,263,1021,357,0
2,face,2,367,143,443,253,0
3,face,0,724,182,795,275,0
3,face,1,954,263,1022,357,0
3,face,2,370,144,444,256,0
4,face,0,725,182,795,274,0
4,face,1,954,263,1024,357,0
4,face,2,370,147,446,258,0
5,face,0,725,181,796,274,0
5,face,1,954,265,1025,357,0
5,face,2,372,150,450,261,0
6,face,0,725,182,797,274,0
6,face,1,957,266,1027,358,0
6,face,2,373,153,453,263,0
7,face,0,725,182,798,273,0
7,face,1,958,266,1028,358,0
7,face,2,375,154,455,265,0
8,face,0,726,181,800,273,0
8,face,1,959,265,1029,359,0
8,face,2,375,155,455,265,0
9,face,0,727,180,802,273,0
9,face,1,959,266,1029,360,0
9,face,2,372,154,453,263,0
10,face,0,728,179,803,273,0
10,face,1,960,268,1029,361,0
10,face,2,370,152,451,261,0
11,face,0,730,182,804,272,0
11,face,1,960,269,1030,361,0
11,face,2,368,150,448,259,0
12,face,0,731,182,805,273,0
12,face,1,960,269,1030,361,0
12,face,2,367,147,445,258,0
13,face,0,731,182,806,273,0
13,face,1,960,268,1031,360,0
13,face,2,366,146,443,257,0
14,face,0,731,182,806,273,0
14,face,1,960,268,1031,360,0
14,face,2,366,146,443,257,0
15,face,0,732,182,806,272,0
15,face,1,959,266,1031,359,0
15,face,2,365,145,442,256,0
16,face,0,732,183,807,273,0
16,face,1,960,266,1031,359,0
16,face,2,366,146,442,258,0
17,face,0,732,183,807,274,0
17,face,1,961,265,1032,360,0
17,face,2,368,149,444,262,0
18,face,0,731,183,807,274,0
18,face,1,955,272,1026,364,0
18,face,2,370,152,446,265,0
19,face,0,731,184,807,275,0
19,face,1,957,283,1027,373,0
19,face,2,372,154,449,267,0
20,face,0,731,183,807,275,0
20,face,1,954,283,1024,371,0
20,face,2,374,155,452,269,0
21,face,0,730,184,806,276,0
21,face,1,952,280,1023,367,0
21,face,2,378,156,455,271,0
22,face,0,730,184,806,275,0
22,face,1,952,283,1023,372,0
22,face,2,379,157,457,272,0
23,face,0,730,182,805,273,0
23,face,1,952,280,1022,369,0
23,face,2,381,157,458,273,0
24,face,0,729,180,804,273,0
24,face,1,949,272,1020,365,0
24,face,2,383,157,459,272,0
25,face,0,729,180,804,274,0
25,face,1,947,272,1020,366,0
25,face,2,384,156,460,271,0
26,face,0,728,177,803,275,0
26,face,1,953,264,1025,356,0
26,face,2,384,155,460,270,0
27,face,0,726,177,802,275,0
27,face,1,951,267,1024,362,0
27,face,2,385,154,460,270,0
28,face,0,725,178,800,275,0
28,face,1,951,263,1024,359,0
28,face,2,385,154,461,271,0
29,face,0,725,180,800,276,0
29,face,1,951,260,1023,358,0
29,face,2,387,157,462,273,0
30,face,0,725,181,799,275,0
30,face,1,951,259,1023,356,0
30,face,2,390,160,464,275,0
31,face,0,725,181,797,274,0
31,face,1,951,258,1023,356,0
31,face,2,392,162,466,277,0
32,face,0,724,180,796,271,0
32,face,1,952,259,1022,357,0
32,face,2,393,163,468,278,0
33,face,0,725,180,796,271,0
33,face,1,951,262,1021,358,0
33,face,2,394,164,469,278,0
34,face,0,724,180,796,270,0
34,face,1,952,265,1021,358,0
34,face,2,395,164,470,278,0
35,face,0,724,181,796,272,0
35,face,1,952,269,1020,361,0
35,face,2,394,163,469,277,0
36,face,0,723,181,796,273,0
36,face,1,952,271,1019,364,0
36,face,2,393,163,469,277,0
37,face,0,723,180,796,277,0
37,face,1,952,272,1020,366,0
37,face,2,393,162,468,277,0
38,face,0,723,180,796,277,0
38,face,1,952,272,1019,366,0
38,face,2,392,161,468,277,0
39,face,0,723,180,796,277,0
39,face,1,952,272,1019,366,0
39,face,2,392,161,468,277,0
40,face,0,723,181,796,276,0
40,face,1,951,273,1020,366,0
40,face,2,392,161,467,276,0
41,face,0,723,182,796,275,0
41,face,1,950,273,1020,365,0
41,face,2,392,161,466,276,0
42,face,0,724,183,796,274,0
42,face,1,951,270,1022,363,0
42,face,2,391,161,465,276,0
43,face,0,724,183,797,274,0
43,face,1,950,270,1023,361,0
43,face,2,391,161,465,276,0
44,face,0,724,183,797,274,0
44,face,1,952,268,1026,361,0
44,face,2,390,160,464,276,0
45,face,0,724,182,798,276,0
45,face,1,952,265,1028,358,0
45,face,2,390,160,464,276,0
46,face,0,724,181,798,276,0
46,face,1,953,266,1029,357,0
46,face,2,389,160,464,276,0
47,face,0,723,181,797,274,0
47,face,1,955,263,1029,357,0
47,face,2,389,160,464,275,0
48,face,0,722,182,797,273,0
48,face,1,955,262,1028,357,0
48,face,2,388,159,464,275,0
49,face,0,722,182,797,273,0
49,face,1,955,261,1028,356,0
49,face,2,388,159,463,275,0
50,face,0,722,182,797,273,0
50,face,1,952,259,1027,355,0
50,face,2,388,159,463,275,0
51,face,0,722,182,797,273,0
51,face,1,952,259,1025,356,0
51,face,2,388,159,462,274,0
52,face,0,722,182,796,274,0
52,face,1,951,262,1023,357,0
52,face,2,387,158,462,274,0
53,face,0,722,181,796,274,0
53,face,1,951,262,1020,358,0
53,face,2,387,158,461,274,0
54,face,0,722,181,796,275,0
54,face,1,951,262,1018,357,0
54,face,2,387,158,461,274,0
55,face,0,721,181,795,275,0
55,face,1,951,259,1016,356,0
55,face,2,387,158,461,274,0
56,face,0,721,181,795,276,0
56,face,1,950,259,1016,355,0
56,face,2,387,158,461,274,0
57,face,0,721,181,795,277,0
57,face,1,951,254,1016,355,0
57,face,2,387,158,461,274,0
58,face,0,722,181,795,277,0
58,face,1,951,254,1017,353,0
58,face,2,387,158,461,274,0
59,face,0,722,181,796,277,0
59,face,1,952,254,1018,353,0
59,face,2,387,158,461,274,0
60,face,0,721,180,796,274,0
60,face,1,952,253,1018,353,0
60,face,2,386,158,461,274,0
61,face,0,721,180,796,272,0
61,face,1,953,252,1018,353,0
61,face,2,386,158,461,274,0
62,face,0,721,180,796,272,0
62,face,1,953,253,1019,353,0
62,face,2,387,158,461,274,0
63,face,0,721,180,796,272,0
63,face,1,953,253,1019,353,0
63,face,2,387,158,461,274,0
64,face,0,721,180,796,272,0
64,face,1,953,253,1020,353,0
64,face,2,387,158,461,274,0
65,face,0,721,180,796,272,0
65,face,1,952,253,1020,353,0
65,face,2,387,158,462,274,0
66,face,0,721,180,796,272,0
66,face,1,952,253,1021,354,0
66,face,2,387,159,462,274,0
67,face,0,721,180,796,273,0
67,face,1,952,254,1022,354,0
67,face,2,388,159,462,274,0
68,face,0,722,180,797,273,0
68,face,1,951,254,1022,354,0
68,face,2,388,159,462,274,0
69,face,0,723,180,798,273,0
69,face,1,952,254,1022,354,0
69,face,2,388,159,463,275,0
70,face,0,723,179,799,273,0
70,face,1,952,253,1022,354,0
70,face,2,388,159,463,275,0
71,face,0,725,178,800,275,0
71,face,1,952,253,1021,354,0
71,face,2,389,160,463,275,0
72,face,0,726,177,800,274,0
72,face,1,953,253,1021,354,0
72,face,2,389,159,464,275,0
73,face,0,726,178,800,273,0
73,face,1,953,252,1021,354,0
73,face,2,390,160,464,276,0
74,face,0,726,178,801,273,0
74,face,1,953,253,1020,354,0
74,face,2,390,159,464,276,0
75,face,0,727,177,802,273,0
75,face,1,953,253,1020,354,0
75,face,2,390,160,464,275,0
76,face,0,728,177,803,273,0
76,face,1,952,253,1020,354,0
76,face,2,390,160,465,276,0
77,face,0,728,177,803,273,0
77,face,1,952,253,1019,354,0
77,face,2,391,160,465,276,0
78,face,0,728,177,804,273,0
78,face,1,952,252,1018,354,0
78,face,2,391,160,465,275,0
79,face,0,729,177,804,273,0
79,face,1,952,252,1018,355,0
79,face,2,391,160,465,275,0
80,face,0,730,179,804,273,0
80,face,1,951,254,1018,355,0
80,face,2,391,160,465,275,0
81,face,0,730,179,804,273,0
81,face,1,951,254,1017,354,0
81,face,2,392,160,465,276,0
82,face,0,730,179,804,273,0
82,face,1,951,255,1017,355,0
82,face,2,392,160,466,276,0
83,face,0,730,179,805,272,0
83,face,1,950,255,1016,354,0
83,face,2,392,160,466,276,0
84,face,0,730,179,805,273,0
84,face,1,950,255,1015,354,0
84,face,2,393,160,466,276,0
85,face,0,730,179,806,275,0
85,face,1,950,257,1013,353,0
85,face,2,393,160,466,276,0
86,face,0,731,179,807,275,0
86,face,1,948,255,1012,354,0
86,face,2,393,160,466,276,0
87,face,0,731,179,807,275,0
87,face,1,948,255,1012,354,0
87,face,2,393,160,466,276,0
88,face,0,732,180,807,277,0
88,face,1,947,255,1010,355,0
88,face,2,393,160,467,276,0
89,face,0,733,179,808,281,0
89,face,1,946,255,1010,355,0
89,face,2,394,160,467,276,0
90,face,0,733,179,808,282,0
90,face,1,945,257,1008,356,0
90,face,2,394,161,467,276,0
91,face,0,734,179,809,282,0
91,face,1,945,259,1007,356,0
91,face,2,394,161,467,276,0
92,face,0,734,179,809,281,0
92,face,1,945,260,1006,357,0
92,face,2,394,161,467,276,0
93,face,0,734,180,810,277,0
93,face,1,945,260,1007,357,0
93,face,2,394,161,467,276,0
94,face,0,734,181,810,274,0
94,face,1,944,261,1006,357,0
94,face,2,394,161,467,276,0
95,face,0,735,181,811,273,0
95,face,1,944,261,1006,357,0
95,face,2,394,161,467,276,0
96,face,0,737,181,811,273,0
96,face,1,944,261,1006,357,0
96,face,2,394,161,468,276,0
97,face,0,737,180,811,273,0
97,face,1,944,261,1007,357,0
97,face,2,394,161,468,276,0
98,face,0,737,181,811,273,0
98,face,1,944,261,1006,357,0
98,face,2,394,162,468,276,0
99,face,0,737,181,811,274,0
99,face,1,944,261,1006,357,0
99,face,2,395,162,468,277,0
100,face,0,735,182,810,274,0
100,face,1,943,260,1006,357,0
100,face,2,395,162,468,277,0
101,face,0,733,182,808,275,0
101,face,1,943,260,1005,357,0
101,face,2,395,162,468,277,0
102,face,0,732,181,807,273,0
102,face,1,942,260,1005,357,0
102,face,2,395,162,468,277,0
103,face,0,730,182,804,275,0
103,face,1,942,260,1005,357,0
103,face,2,395,162,468,277,0
104,face,0,731,184,802,278,0
104,face,1,942,260,1005,358,0
104,face,2,395,162,468,277,0
105,face,0,729,183,801,282,0
105,face,1,942,260,1005,358,0
105,face,2,395,162,468,277,0
106,face,0,728,183,800,282,0
106,face,1,942,260,1005,358,0
106,face,2,395,163,468,277,0
107,face,0,727,183,800,281,0
107,face,1,942,260,1005,358,0
107,face,2,394,162,468,276,0
108,face,0,727,182,798,277,0
108,face,1,942,260,1005,358,0
108,face,2,394,162,468,276,0
109,face,0,726,183,797,275,0
109,face,1,942,261,1005,358,0
109,face,2,394,162,468,277,0
110,face,0,726,183,797,275,0
110,face,1,943,263,1003,355,0
110,face,2,394,162,467,277,0
111,face,0,726,183,797,275,0
111,face,1,943,264,1002,356,0
111,face,2,394,162,467,276,0
112,face,0,726,183,797,275,0
112,face,1,943,264,1002,356,0
112,face,2,394,162,467,276,0
113,face,0,726,182,797,276,0
113,face,1,943,263,1002,355,0
113,face,2,394,162,467,277,0
114,face,0,726,183,796,275,0
114,face,1,943,263,1002,356,0
114,face,2,394,162,467,277,0
115,face,0,725,183,796,275,0
115,face,1,943,264,1002,356,0
115,face,2,394,162,467,277,0
116,face,0,725,183,796,275,0
116,face,1,943,264,1002,356,0
116,face,2,394,162,467,277,0
117,face,0,725,183,796,275,0
117,face,1,943,264,1002,356,0
117,face,2,394,162,467,277,0
118,face,0,725,183,796,276,0
118,face,1,943,265,1002,356,0
118,face,2,394,162,467,277,0
119,face,0,726,183,796,277,0
119,face,1,943,265,1002,356,0
119,face,2,394,162,467,277,0
120,face,0,726,183,796,277,0
120,face,1,943,265,1002,356,0
120,face,2,394,162,467,277,0
121,face,0,725,183,796,277,0
121,face,1,943,265,1002,356,0
121,face,2,394,162,467,277,0
122,face,0,725,183,796,277,0
122,face,1,943,266,1002,356,0
122,face,2,394,162,467,277,0
123,face,0,724,184,795,276,0
123,face,1,943,266,1002,356,0
123,face,2,394,162,467,277,0
124,face,0,724,184,795,276,0
124,face,1,942,265,1002,356,0
124,face,2,394,162,467,277,0
125,face,0,724,184,795,277,0
125,face,1,942,266,1002,357,0
125,face,2,394,162,468,277,0
126,face,0,725,183,796,277,0
126,face,1,943,266,1002,356,0
126,face,2,394,162,468,277,0
127,face,0,724,183,795,277,0
127,face,1,943,265,1001,356,0
127,face,2,394,162,468,277,0
128,face,0,724,184,794,276,0
128,face,1,942,265,1001,356,0
128,face,2,394,162,468,277,0
129,face,0,723,184,793,276,0
129,face,1,943,265,1001,356,0
129,face,2,394,162,468,277,0
130,face,0,722,184,792,276,0
130,face,1,942,265,1001,355,0
130,face,2,394,162,468,277,0
131,face,0,722,184,791,277,0
131,face,1,943,264,1002,355,0
131,face,2,394,162,468,277,0
132,face,0,722,184,791,277,0
132,face,1,943,264,1003,355,0
132,face,2,394,162,468,277,0
133,face,0,721,184,791,277,0
133,face,1,943,263,1005,356,0
133,face,2,394,162,468,277,0
134,face,0,722,184,791,277,0
134,face,1,943,263,1007,359,0
134,face,2,394,162,468,277,0
135,face,0,723,183,791,277,0
135,face,1,943,263,1008,358,0
135,face,2,394,162,468,277,0
136,face,0,723,183,791,277,0
136,face,1,943,263,1008,358,0
136,face,2,394,162,468,277,0
137,face,0,723,182,792,276,0
137,face,1,944,263,1008,359,0
137,face,2,394,162,468,277,0
138,face,0,723,182,792,275,0
138,face,1,943,263,1008,359,0
138,face,2,394,162,468,277,0
139,face,0,722,182,793,274,0
139,face,1,943,263,1009,359,0
139,face,2,394,162,468,277,0
140,face,0,722,182,793,274,0
140,face,1,930,263,996,360,0
140,face,2,332,185,406,300,0
141,face,0,719,177,799,271,0
141,face,1,931,265,998,361,0
141,face,2,329,187,406,303,0
142,face,0,718,177,798,271,0
142,face,1,931,265,998,361,0
142,face,2,329,187,406,304,0
143,face,0,718,176,798,271,0
143,face,1,931,265,998,361,0
143,face,2,329,186,406,304,0
144,face,0,718,176,797,271,0
144,face,1,931,265,999,361,0
144,face,2,329,186,406,304,0
145,face,0,718,176,797,271,0
145,face,1,931,265,999,361,0
145,face,2,329,186,406,302,0
146,face,0,718,176,796,271,0
146,face,1,931,264,1000,362,0
146,face,2,330,186,406,300,0
147,face,0,718,176,796,271,0
147,face,1,931,264,1000,362,0
147,face,2,330,185,406,300,0
148,face,0,717,176,794,272,0
148,face,1,931,264,1000,362,0
148,face,2,330,185,407,301,0
149,face,0,716,178,793,272,0
149,face,1,932,264,1001,363,0
149,face,2,331,185,407,301,0
150,face,0,714,178,791,272,0
150,face,1,932,264,1001,363,0
150,face,2,332,185,408,300,0
151,face,0,713,175,788,273,0
151,face,1,932,263,1001,364,0
151,face,2,332,185,408,300,0
152,face,0,711,177,785,273,0
152,face,1,932,263,1002,364,0
152,face,2,332,185,408,301,0
153,face,0,710,179,783,274,0
153,face,1,932,264,1002,364,0
153,face,2,333,184,408,301,0
154,face,0,709,180,782,274,0
154,face,1,932,264,1002,364,0
154,face,2,333,184,408,301,0
155,face,0,709,181,780,274,0
155,face,1,932,264,1001,365,0
155,face,2,333,184,409,300,0
156,face,0,708,182,779,274,0
156,face,1,933,264,1001,365,0
156,face,2,333,183,410,301,0
157,face,0,708,182,778,274,0
157,face,1,933,264,1001,365,0
157,face,2,334,183,410,303,0
158,face,0,708,181,778,274,0
158,face,1,933,264,1001,365,0
158,face,2,334,182,411,304,0
159,face,0,708,181,777,274,0
159,face,1,933,265,1001,365,0
159,face,2,335,182,411,305,0
160,face,0,707,180,777,274,0
160,face,1,933,265,1001,365,0
160,face,2,335,181,412,304,0
161,face,0,707,180,777,274,0
161,face,1,933,265,1001,365,0
161,face,2,335,181,412,304,0
162,face,0,707,180,776,274,0
162,face,1,933,265,1001,365,0
162,face,2,336,182,412,300,0
163,face,0,706,180,776,274,0
163,face,1,933,266,1001,365,0
163,face,2,338,183,413,299,0
164,face,0,706,180,776,274,0
164,face,1,933,267,1001,365,0
164,face,2,338,183,413,298,0
165,face,0,706,180,776,274,0
165,face,1,933,267,1001,365,0
165,face,2,338,184,414,300,0
166,face,0,706,180,776,274,0
166,face,1,933,267,1000,364,0
166,face,2,340,184,415,301,0
167,face,0,706,180,776,275,0
167,face,1,933,266,1000,364,0
167,face,2,341,185,417,300,0
168,face,0,706,180,776,275,0
168,face,1,933,266,1000,364,0
168,face,2,343,186,419,301,0
169,face,0,706,180,777,275,0
169,face,1,933,267,1000,364,0
169,face,2,342,186,421,304,0
170,face,0,706,180,776,275,0
170,face,1,933,267,1000,364,0
170,face,2,342,187,422,305,0
171,face,0,707,180,777,275,0
171,face,1,933,267,1000,364,0
171,face,2,343,188,423,304,0
172,face,0,707,180,777,275,0
172,face,1,933,267,1000,364,0
172,face,2,343,188,423,303,0
173,face,0,707,180,777,275,0
173,face,1,933,267,1000,364,0
173,face,2,344,188,423,302,0
174,face,0,707,181,777,276,0
174,face,1,933,267,1000,364,0
174,face,2,344,188,423,302,0
175,face,0,707,181,777,276,0
175,face,1,933,267,1000,364,0
175,face,2,343,187,423,303,0
176,face,0,707,181,777,276,0
176,face,1,933,267,1000,365,0
176,face,2,343,187,423,303,0
177,face,0,707,182,776,276,0
177,face,1,933,267,1000,365,0
177,face,2,343,187,423,303,0
178,face,0,707,182,776,276,0
178,face,1,933,267,1000,365,0
178,face,2,343,187,422,303,0
179,face,0,707,184,777,276,0
179,face,1,933,267,1000,365,0
179,face,2,343,187,422,302,0
180,face,0,707,184,777,276,0
180,face,1,933,267,1000,365,0
180,face,2,343,187,422,302,0
181,face,0,707,184,777,277,0
181,face,1,933,267,1000,365,0
181,face,2,343,187,422,302,0
182,face,0,707,183,777,276,0
182,face,1,933,267,1000,365,0
182,face,2,344,188,423,303,0
183,face,0,707,183,777,277,0
183,face,1,933,267,1000,365,0
183,face,2,347,188,424,304,0
184,face,0,707,183,777,277,0
184,face,1,933,267,1000,365,0
184,face,2,348,189,426,305,0
185,face,0,707,183,777,277,0
185,face,1,933,267,1000,365,0
185,face,2,348,189,426,305,0
186,face,0,707,183,777,277,0
186,face,1,933,267,1000,365,0
186,face,2,349,188,427,306,0
187,face,0,707,184,777,277,0
187,face,1,933,267,1000,365,0
187,face,2,350,188,427,305,0
188,face,0,707,184,777,277,0
188,face,1,933,267,1000,365,0
188,face,2,350,188,428,305,0
189,face,0,707,184,777,277,0
189,face,1,933,267,1000,365,0
189,face,2,351,187,428,304,0
190,face,0,707,184,777,277,0
190,face,1,933,267,1000,366,0
190,face,2,351,187,429,304,0
191,face,0,708,184,778,277,0
191,face,1,933,267,1000,366,0
191,face,2,352,187,429,303,0
192,face,0,708,185,778,277,0
192,face,1,933,267,1000,366,0
192,face,2,352,187,430,303,0
193,face,0,708,185,778,277,0
193,face,1,933,267,1000,366,0
193,face,2,352,186,430,303,0
194,face,0,708,185,779,278,0
194,face,1,933,267,1000,366,0
194,face,2,352,187,430,303,0
195,face,0,709,185,779,278,0
195,face,1,933,267,1000,366,0
195,face,2,352,186,430,303,0
196,face,0,709,185,781,278,0
196,face,1,933,267,1000,366,0
196,face,2,352,186,430,303,0
197,face,0,709,185,782,278,0
197,face,1,933,266,1000,366,0
197,face,2,352,186,430,302,0
198,face,0,709,186,782,279,0
198,face,1,933,267,1000,366,0
198,face,2,351,186,429,302,0
199,face,0,709,186,782,279,0
199,face,1,933,267,1000,366,0
199,face,2,350,186,429,302,0
200,face,0,709,187,782,279,0
200,face,1,933,267,1000,366,0
200,face,2,350,187,429,303,0
201,face,0,709,187,782,279,0
201,face,1,933,267,1000,366,0
201,face,2,349,186,429,302,0
202,face,0,709,187,782,279,0
202,face,1,933,267,1000,365,0
202,face,2,349,186,429,302,0
203,face,0,709,187,782,279,0
203,face,1,933,267,1000,366,0
203,face,2,349,185,428,302,0
204,face,0,709,187,782,280,0
204,face,1,932,267,1000,366,0
204,face,2,349,185,429,301,0
205,face,0,709,187,782,280,0
205,face,1,932,267,1000,366,0
205,face,2,349,185,428,302,0
206,face,0,709,188,782,280,0
206,face,1,932,267,1000,366,0
206,face,2,350,184,429,301,0
207,face,0,709,188,782,280,0
207,face,1,932,267,1000,366,0
207,face,2,350,184,429,301,0
208,face,0,709,188,782,280,0
208,face,1,932,267,1000,366,0
208,face,2,349,184,430,300,0
209,face,0,709,188,782,279,0
209,face,1,932,267,1000,366,0
209,face,2,349,184,429,299,0
210,face,0,709,188,782,279,0
210,face,1,932,267,1000,366,0
210,face,2,349,184,429,299,0
211,face,0,709,188,782,279,0
211,face,1,932,267,1000,366,0
211,face,2,349,183,429,299,0
212,face,0,709,188,782,279,0
212,face,1,932,267,1000,366,0
212,face,2,349,183,428,298,0
213,face,0,709,187,782,279,0
213,face,1,932,267,1000,366,0
213,face,2,350,183,429,297,0
214,face,0,709,188,783,280,0
214,face,1,932,267,1000,366,0
214,face,2,351,182,430,296,0
215,face,0,709,188,783,279,0
215,face,1,932,267,1000,366,0
215,face,2,353,183,431,295,0
216,face,0,709,187,783,279,0
216,face,1,932,267,1000,366,0
216,face,2,355,182,433,295,0
217,face,0,710,187,783,279,0
217,face,1,933,267,1000,366,0
217,face,2,358,183,434,301,0
218,face,0,710,186,783,279,0
218,face,1,933,267,1000,366,0
218,face,2,362,181,456,304,0
219,face,0,710,186,783,279,0
219,face,1,933,267,1000,366,0
219,face,2,361,185,441,295,0
220,face,0,710,186,784,279,0
220,face,1,933,267,1000,367,0
220,face,2,357,183,441,301,0
221,face,0,710,186,784,279,0
221,face,1,933,267,1000,367,0
221,face,2,370,185,444,300,0
222,face,0,710,186,784,278,0
222,face,1,933,267,1000,367,0
222,face,2,369,184,444,302,0
223,face,0,710,186,784,278,0
223,face,1,933,267,1000,367,0
223,face,2,372,185,447,300,0
224,face,0,710,186,784,278,0
224,face,1,933,267,1000,367,0
224,face,2,373,185,448,303,0
225,face,0,709,186,784,278,0
225,face,1,933,267,1000,366,0
225,face,2,373,185,449,304,0
226,face,0,710,186,784,278,0
226,face,1,933,268,1000,366,0
226,face,2,372,185,449,305,0
227,face,0,710,186,784,278,0
227,face,1,933,268,1001,366,0
227,face,2,371,186,448,303,0
228,face,0,710,186,784,278,0
228,face,1,933,267,1001,366,0
228,face,2,370,186,446,303,0
229,face,0,710,186,784,278,0
229,face,1,933,268,1001,366,0
229,face,2,370,186,446,303,0
230,face,0,710,186,784,278,0
230,face,1,933,267,1001,366,0
230,face,2,371,187,447,302,0
231,face,0,710,186,783,278,0
231,face,1,933,267,1001,366,0
231,face,2,371,186,447,301,0
232,face,0,709,186,783,279,0
232,face,1,932,266,1001,365,0
232,face,2,371,186,447,301,0
233,face,0,709,186,783,279,0
233,face,1,932,266,1000,363,0
233,face,2,371,186,447,300,0
234,face,0,709,186,783,279,0
234,face,1,932,266,1000,363,0
234,face,2,371,186,447,300,0
235,face,0,709,186,783,279,0
235,face,1,932,267,998,362,0
235,face,2,370,185,447,300,0
236,face,0,709,186,783,279,0
236,face,1,932,269,997,360,0
236,face,2,370,185,446,300,0
237,face,0,709,186,783,279,0
237,face,1,930,269,996,360,0
237,face,2,369,185,445,299,0
238,face,0,709,186,783,279,0
238,face,1,929,269,996,360,0
238,face,2,370,185,445,300,0
239,face,0,709,186,783,280,0
239,face,1,927,269,995,360,0
239,face,2,368,186,443,301,0
240,face,0,709,186,783,280,0
240,face,1,926,269,995,360,0
240,face,2,366,187,442,301,0
241,face,0,709,186,783,280,0
241,face,1,923,268,993,361,0
241,face,2,364,187,441,302,0
242,face,0,709,186,783,280,0
242,face,1,922,269,991,360,0
242,face,2,363,187,439,301,0
243,face,0,709,186,783,280,0
243,face,1,914,270,983,360,0
243,face,2,360,186,437,301,0
244,face,0,709,186,783,280,0
244,face,1,912,279,979,368,0
244,face,2,358,185,436,301,0
245,face,0,709,186,783,280,0
245,face,1,905,282,973,371,0
245,face,2,356,185,434,301,0
246,face,0,709,186,783,280,0
246,face,1,901,292,973,381,0
246,face,2,355,185,433,300,0
247,face,0,709,186,783,280,0
247,face,1,892,298,960,383,0
247,face,2,354,184,432,299,0
248,face,0,709,186,782,280,0
248,face,1,886,314,960,399,0
248,face,2,353,184,431,299,0
249,face,0,709,186,783,280,0
249,face,1,874,318,952,413,0
249,face,2,352,184,430,298,0
250,face,0,709,187,783,280,0
250,face,1,867,329,950,421,0
250,face,2,351,184,429,297,0
251,face,0,709,187,782,281,0
251,face,1,856,341,936,433,0
251,face,2,350,183,428,297,0
252,face,0,709,187,783,281,0
252,face,1,848,340,929,433,0
252,face,2,349,184,428,297,0
253,face,0,709,187,783,281,0
253,face,1,842,347,926,438,0
253,face,2,349,184,427,297,0
254,face,0,709,187,783,281,0
254,face,1,839,346,918,436,0
254,face,2,348,184,427,297,0
255,face,0,709,187,783,280,0
255,face,1,835,348,918,438,0
255,face,2,348,184,427,297,0
256,face,0,710,187,783,280,0
256,face,1,832,342,913,432,0
256,face,2,348,184,427,297,0
257,face,0,710,187,783,280,0
257,face,1,833,337,914,429,0
257,face,2,349,184,427,298,0
258,face,0,710,187,783,280,0
258,face,1,833,337,913,429,0
258,face,2,349,184,427,298,0
259,face,0,710,187,783,280,0
259,face,1,833,334,917,426,0
259,face,2,349,184,428,298,0
260,face,0,709,187,783,281,0
260,face,1,839,332,925,426,0
260,face,2,350,183,429,298,0
261,face,0,709,187,783,280,0
261,face,1,847,336,927,426,0
261,face,2,353,183,430,297,0
262,face,0,710,188,783,281,0
262,face,1,857,331,937,423,0
262,face,2,357,183,434,296,0
263,face,0,709,188,783,281,0
263,face,1,870,324,954,418,0
263,face,2,362,183,435,295,0
264,face,0,709,188,783,281,0
264,face,1,878,314,956,404,0
264,face,2,364,184,437,297,0
265,face,0,709,188,783,280,0
265,face,1,892,305,968,391,0
265,face,2,367,184,439,297,0
266,face,0,709,187,783,280,0
266,face,1,908,282,978,377,0
266,face,2,370,185,441,298,0
267,face,0,709,187,783,280,0
267,face,1,922,270,995,368,0
267,face,2,371,185,442,298,0
268,face,0,709,187,783,281,0
268,face,1,940,259,1014,365,0
268,face,2,372,187,442,298,0
269,face,0,709,187,784,281,0
269,face,1,943,258,1015,359,0
269,face,2,373,188,443,301,0
270,face,0,709,187,783,281,0
270,face,1,953,246,1023,350,0
270,face,2,372,189,443,302,0
271,face,0,709,187,783,281,0
271,face,1,963,249,1036,349,0
271,face,2,372,192,442,304,0
272,face,0,709,187,783,281,0
272,face,1,964,248,1034,345,0
272,face,2,373,194,442,305,0
273,face,0,708,187,782,280,0
273,face,1,967,243,1040,343,0
273,face,2,372,193,441,305,0
274,face,0,708,187,781,280,0
274,face,1,974,241,1046,341,0
274,face,2,372,193,440,305,0
275,face,0,707,187,779,280,0
275,face,1,977,239,1047,339,0
275,face,2,370,190,441,304,0
276,face,0,706,185,778,280,0
276,face,1,979,238,1049,339,0
276,face,2,368,191,440,304,0
277,face,0,706,185,778,280,0
277,face,1,980,238,1048,339,0
277,face,2,367,191,438,302,0
278,face,0,705,184,777,280,0
278,face,1,980,238,1049,339,0
278,face,2,365,190,436,302,0
279,face,0,705,184,775,280,0
279,face,1,980,239,1048,338,0
279,face,2,364,190,435,301,0
280,face,0,704,184,774,280,0
280,face,1,979,239,1047,339,0
280,face,2,364,190,434,301,0
281,face,0,704,185,774,279,0
281,face,1,978,239,1046,340,0
281,face,2,363,190,434,302,0
282,face,0,704,185,774,279,0
282,face,1,976,240,1046,340,0
282,face,2,362,191,433,303,0
283,face,0,704,185,774,279,0
283,face,1,976,240,1046,340,0
283,face,2,362,191,433,303,0
284,face,0,704,185,774,279,0
284,face,1,974,241,1044,341,0
284,face,2,362,192,433,305,0
285,face,0,704,185,774,279,0
285,face,1,973,242,1042,342,0
285,face,2,362,194,433,306,0
286,face,0,704,185,773,279,0
286,face,1,969,242,1038,341,0
286,face,2,362,195,433,306,0
287,face,0,704,186,773,279,0
287,face,1,967,243,1034,341,0
287,face,2,362,200,432,311,0
288,face,0,704,186,773,279,0
288,face,1,967,245,1032,341,0
288,face,2,362,200,432,310,0
289,face,0,703,186,773,279,0
289,face,1,965,245,1031,341,0
289,face,2,360,199,431,310,0
290,face,0,703,186,774,279,0
290,face,1,964,247,1030,342,0
290,face,2,359,197,429,309,0
291,face,0,704,186,774,279,0
291,face,1,961,245,1029,343,0
291,face,2,359,197,428,309,0
292,face,0,704,186,774,279,0
292,face,1,960,247,1028,346,0
292,face,2,359,196,428,308,0
293,face,0,703,186,774,280,0
293,face,1,958,248,1027,348,0
293,face,2,358,195,427,308,0
294,face,0,704,187,773,280,0
294,face,1,957,249,1023,347,0
294,face,2,358,194,427,308,0
295,face,0,703,188,773,282,0
295,face,1,956,249,1020,349,0
295,face,2,358,194,427,308,0
296,face,0,702,187,772,282,0
296,face,1,955,251,1019,350,0
296,face,2,357,194,427,308,0
297,face,0,702,187,771,282,0
297,face,1,953,250,1017,348,0
297,face,2,356,194,426,308,0
298,face,0,702,186,771,282,0
298,face,1,952,251,1016,348,0
298,face,2,356,195,426,308,0
299,face,0,702,186,771,282,0
299,face,1,952,252,1016,349,0
299,face,2,355,195,426,308,0
300,face,0,702,186,771,281,0
300,face,1,952,251,1016,349,0
300,face,2,355,191,427,306,0
301,face,0,702,185,771,281,0
301,face,1,952,252,1015,350,0
301,face,2,355,191,427,306,0
302,face,0,701,185,771,280,0
302,face,1,951,252,1014,350,0
302,face,2,354,190,426,306,0
303,face,0,701,185,770,279,0
303,face,1,951,254,1013,350,0
303,face,2,354,190,426,306,0
304,face,0,701,185,770,278,0
304,face,1,951,254,1013,351,0
304,face,2,354,190,426,306,0
305,face,0,701,185,770,278,0
305,face,1,951,254,1014,352,0
305,face,2,354,190,426,306,0
306,face,0,702,185,770,279,0
306,face,1,952,254,1015,352,0
306,face,2,354,191,427,307,0
307,face,0,702,185,770,279,0
307,face,1,952,254,1015,352,0
307,face,2,354,191,427,307,0
308,face,0,702,185,771,279,0
308,face,1,952,254,1015,353,0
308,face,2,354,192,427,307,0
309,face,0,703,185,771,279,0
309,face,1,951,253,1016,354,0
309,face,2,354,193,427,307,0
310,face,0,703,186,771,279,0
310,face,1,951,252,1017,354,0
310,face,2,354,193,427,308,0
311,face,0,704,185,772,279,0
311,face,1,951,254,1018,355,0
311,face,2,353,191,427,309,0
312,face,0,704,185,772,279,0
312,face,1,951,254,1019,355,0
312,face,2,352,190,427,308,0
313,face,0,704,185,772,279,0
313,face,1,952,254,1019,355,0
313,face,2,352,189,427,307,0
314,face,0,704,185,772,279,0
314,face,1,952,253,1020,356,0
314,face,2,353,190,427,307,0
315,face,0,704,186,772,279,0
315,face,1,954,260,1021,356,0
315,face,2,353,191,427,307,0
316,face,0,704,186,772,279,0
316,face,1,955,266,1022,358,0
316,face,2,353,191,427,307,0
317,face,0,704,185,773,280,0
317,face,1,955,268,1023,360,0
317,face,2,352,190,426,307,0
318,face,0,705,185,773,281,0
318,face,1,954,266,1024,361,0
318,face,2,352,190,426,307,0
319,face,0,705,184,774,280,0
319,face,1,955,268,1024,357,0
319,face,2,352,191,426,307,0
320,face,0,705,185,774,281,0
320,face,1,957,266,1027,358,0
320,face,2,352,192,426,308,0
321,face,0,705,184,774,280,0
321,face,1,957,265,1028,357,0
321,face,2,352,193,426,308,0
322,face,0,705,184,774,279,0
322,face,1,958,264,1029,357,0
322,face,2,351,193,425,308,0
323,face,0,706,184,775,279,0
323,face,1,960,265,1031,357,0
323,face,2,351,194,424,308,0
324,face,0,707,183,777,279,0
324,face,1,961,267,1031,359,0
324,face,2,350,195,424,309,0
325,face,0,707,184,777,279,0
325,face,1,962,271,1031,360,0
325,face,2,350,195,423,309,0
326,face,0,707,184,778,280,0
326,face,1,961,270,1031,361,0
326,face,2,349,195,423,309,0
327,face,0,708,185,779,281,0
327,face,1,961,269,1032,360,0
327,face,2,348,196,422,310,0
328,face,0,708,185,778,282,0
328,face,1,960,268,1032,360,0
328,face,2,348,196,422,310,0
329,face,0,708,183,779,283,0
329,face,1,960,268,1032,359,0
329,face,2,348,196,422,310,0
330,face,0,707,183,779,283,0
330,face,1,959,268,1032,360,0
330,face,2,348,196,422,310,0
331,face,0,707,183,778,281,0
331,face,1,960,270,1031,360,0
331,face,2,349,195,423,310,0
332,face,0,707,183,778,281,0
332,face,1,960,270,1031,360,0
332,face,2,349,195,423,310,0
333,face,0,707,184,777,279,0
333,face,1,959,270,1030,361,0
333,face,2,349,196,423,310,0
334,face,0,707,184,776,278,0
334,face,1,959,270,1030,361,0
334,face,2,349,196,423,310,0
335,face,0,707,184,776,278,0
335,face,1,959,269,1030,360,0
335,face,2,350,196,423,309,0
336,face,0,708,184,776,278,0
336,face,1,957,268,1030,360,0
336,face,2,350,195,424,310,0
337,face,0,708,185,775,279,0
337,face,1,957,267,1030,360,0
337,face,2,350,195,425,310,0
338,face,0,706,186,775,281,0
338,face,1,956,267,1029,361,0
338,face,2,351,196,426,310,0
339,face,0,705,187,775,282,0
339,face,1,956,268,1029,362,0
339,face,2,352,196,426,310,0
340,face,0,705,187,774,281,0
340,face,1,957,269,1028,362,0
340,face,2,353,196,427,309,0
341,face,0,705,186,774,281,0
341,face,1,956,269,1028,362,0
341,face,2,353,196,427,310,0
342,face,0,705,185,775,279,0
342,face,1,956,269,1028,361,0
342,face,2,354,196,428,310,0
343,face,0,705,185,775,279,0
343,face,1,956,268,1028,362,0
343,face,2,354,196,428,310,0
344,face,0,707,184,776,278,0
344,face,1,956,269,1028,360,0
344,face,2,355,197,429,310,0
345,face,0,707,184,776,278,0
345,face,1,956,269,1028,361,0
345,face,2,358,200,429,314,0
346,face,0,707,183,776,279,0
346,face,1,956,270,1028,361,0
346,face,2,358,200,429,314,0
347,face,0,708,182,777,280,0
347,face,1,956,270,1028,361,0
347,face,2,358,200,429,314,0
348,face,0,708,181,778,281,0
348,face,1,956,270,1028,361,0
348,face,2,358,200,429,314,0
349,face,0,708,180,777,280,0
349,face,1,956,270,1028,361,0
349,face,2,357,200,429,313,0
350,face,0,708,180,777,278,0
350,face,1,956,270,1028,361,0
350,face,2,357,200,429,313,0
351,face,0,707,181,776,276,0
351,face,1,956,269,1028,361,0
351,face,2,355,197,429,310,0
352,face,0,707,181,775,276,0
352,face,1,956,270,1028,361,0
352,face,2,354,197,429,310,0
353,face,0,707,181,775,277,0
353,face,1,956,269,1029,361,0
353,face,2,354,197,428,310,0
354,face,0,707,181,775,276,0
354,face,1,956,270,1029,361,0
354,face,2,354,197,428,310,0
355,face,0,706,181,774,276,0
355,face,1,956,270,1029,361,0
355,face,2,353,197,428,310,0
356,face,0,706,181,774,276,0
356,face,1,956,270,1029,361,0
356,face,2,353,197,428,310,0
357,face,0,706,181,774,276,0
357,face,1,957,271,1030,361,0
357,face,2,354,197,428,310,0
358,face,0,706,181,774,276,0
358,face,1,957,271,1030,361,0
358,face,2,356,202,428,314,0
359,face,0,706,182,773,277,0
359,face,1,958,272,1030,361,0
359,face,2,354,198,428,310,0
360,face,0,706,182,773,278,0
360,face,1,959,272,1031,362,0
360,face,2,353,197,428,310,0
361,face,0,706,183,774,278,0
361,face,1,959,272,1030,362,0
361,face,2,353,197,428,309,0
362,face,0,706,183,775,278,0
362,face,1,960,272,1030,362,0
362,face,2,353,196,427,309,0
363,face,0,706,183,775,279,0
363,face,1,960,271,1030,362,0
363,face,2,353,194,427,307,0
364,face,0,706,183,775,281,0
364,face,1,960,271,1029,361,0
364,face,2,351,190,425,304,0
365,face,0,705,184,775,280,0
365,face,1,958,268,1028,360,0
365,face,2,347,188,424,300,0
366,face,0,705,184,774,280,0
366,face,1,957,266,1027,362,0
366,face,2,343,186,422,297,0
367,face,0,705,184,774,278,0
367,face,1,957,267,1027,361,0
367,face,2,340,183,420,292,0
368,face,0,705,184,774,278,0
368,face,1,958,265,1027,361,0
368,face,2,338,180,418,289,0
369,face,0,705,184,774,278,0
369,face,1,958,264,1027,361,0
369,face,2,338,175,416,283,0
370,face,0,705,183,774,279,0
370,face,1,958,263,1026,359,0
370,face,2,336,171,416,279,0
371,face,0,705,183,773,278,0
371,face,1,958,260,1027,358,0
371,face,2,335,167,416,277,0
372,face,0,705,183,773,277,0
372,face,1,960,259,1027,355,0
372,face,2,336,167,415,276,0
373,face,0,705,183,773,276,0
373,face,1,961,258,1028,355,0
373,face,2,338,167,416,276,0
374,face,0,705,182,773,276,0
374,face,1,962,258,1028,355,0
374,face,2,340,168,418,278,0
375,face,0,705,181,774,277,0
375,face,1,963,258,1028,355,0
375,face,2,342,170,421,282,0
376,face,0,705,181,773,274,0
376,face,1,963,258,1028,355,0
376,face,2,347,175,424,287,0
377,face,0,705,181,774,273,0
377,face,1,963,259,1028,356,0
377,face,2,350,180,426,291,0
378,face,0,705,181,774,273,0
378,face,1,963,260,1027,356,0
378,face,2,354,184,428,295,0
379,face,0,705,180,775,274,0
379,face,1,962,259,1027,357,0
379,face,2,356,187,428,297,0
380,face,0,705,180,775,274,0
380,face,1,962,259,1027,357,0
380,face,2,356,187,428,297,0
381,face,0,705,180,776,274,0
381,face,1,961,258,1027,357,0
381,face,2,356,187,429,299,0
382,face,0,706,181,777,274,0
382,face,1,960,258,1026,358,0
382,face,2,355,188,429,299,0
383,face,0,707,181,778,273,0
383,face,1,959,260,1024,359,0
383,face,2,353,187,428,300,0
384,face,0,707,181,779,274,0
384,face,1,956,260,1022,357,0
384,face,2,349,187,426,298,0
385,face,0,708,182,780,275,0
385,face,1,955,260,1020,357,0
385,face,2,344,186,423,296,0
386,face,0,709,181,780,275,0
386,face,1,955,261,1020,357,0
386,face,2,339,184,418,293,0
387,face,0,709,181,781,275,0
387,face,1,954,262,1018,357,0
387,face,2,336,182,414,291,0
388,face,0,710,181,781,275,0
388,face,1,954,262,1018,357,0
388,face,2,330,182,409,289,0
389,face,0,710,181,782,274,0
389,face,1,954,261,1018,357,0
389,face,2,328,182,406,289,0
390,face,0,711,182,783,275,0
390,face,1,955,261,1019,357,0
390,face,2,327,184,404,292,0
391,face,0,711,182,784,275,0
391,face,1,955,260,1020,356,0
391,face,2,324,186,402,295,0
392,face,0,712,183,784,275,0
392,face,1,956,259,1022,357,0
392,face,2,324,188,401,300,0
393,face,0,712,184,784,275,0
393,face,1,958,260,1026,359,0
393,face,2,322,190,400,301,0
394,face,0,712,184,785,276,0
394,face,1,960,258,1027,359,0
394,face,2,319,191,398,302,0
395,face,0,713,185,786,277,0
395,face,1,960,259,1028,358,0
395,face,2,316,190,396,300,0
396,face,0,713,185,786,279,0
396,face,1,963,258,1030,357,0
396,face,2,313,188,394,299,0
397,face,0,714,185,787,279,0
397,face,1,963,258,1030,357,0
397,face,2,311,188,391,295,0
398,face,0,714,185,787,279,0
398,face,1,963,258,1031,356,0
398,face,2,308,186,389,293,0
399,face,0,714,185,787,279,0
399,face,1,964,258,1032,356,0
399,face,2,306,186,388,293,0
400,face,0,714,184,787,278,0
400,face,1,964,259,1032,357,0
400,face,2,306,186,388,294,0
401,face,0,714,184,787,278,0
401,face,1,964,260,1032,357,0
401,face,2,308,187,389,295,0
402,face,0,714,184,787,278,0
402,face,1,964,260,1032,357,0
402,face,2,311,188,391,297,0
403,face,0,714,184,787,279,0
403,face,1,964,260,1033,357,0
403,face,2,313,188,394,299,0
404,face,0,714,184,787,279,0
404,face,1,964,260,1032,358,0
404,face,2,317,188,397,300,0
405,face,0,714,184,787,279,0
405,face,1,964,260,1032,358,0
405,face,2,317,188,397,300,0
406,face,0,714,184,786,278,0
406,face,1,964,261,1031,359,0
406,face,2,322,189,400,300,0
407,face,0,714,184,786,278,0
407,face,1,965,269,1031,360,0
407,face,2,326,192,403,301,0
408,face,0,713,184,785,278,0
408,face,1,965,271,1033,364,0
408,face,2,330,193,406,302,0
409,face,0,713,184,785,277,0
409,face,1,966,277,1034,369,0
409,face,2,333,195,409,303,0
410,face,0,713,185,784,276,0
410,face,1,967,284,1036,371,0
410,face,2,336,195,413,304,0
411,face,0,713,185,783,275,0
411,face,1,960,285,1030,372,0
411,face,2,339,196,414,305,0
412,face,0,713,185,783,275,0
412,face,1,960,289,1031,374,0
412,face,2,341,196,417,306,0
413,face,0,713,185,783,275,0
413,face,1,962,290,1031,375,0
413,face,2,342,196,418,306,0
414,face,0,713,185,783,277,0
414,face,1,958,292,1029,378,0
414,face,2,341,196,419,307,0
415,face,0,713,185,784,278,0
415,face,1,958,292,1029,377,0
415,face,2,342,196,420,308,0
416,face,0,712,185,784,280,0
416,face,1,960,293,1032,377,0
416,face,2,342,196,420,308,0
417,face,0,713,185,785,281,0
417,face,1,959,291,1031,375,0
417,face,2,342,196,420,308,0
418,face,0,713,185,786,283,0
418,face,1,956,291,1026,374,0
418,face,2,341,196,419,307,0
419,face,0,714,185,787,283,0
419,face,1,956,289,1026,373,0
419,face,2,342,197,419,307,0
420,face,0,714,185,788,285,0
420,face,1,956,284,1023,369,0
420,face,2,342,197,418,307,0
421,face,0,713,183,787,284,0
421,face,1,948,281,1014,369,0
421,face,2,342,197,417,307,0
422,face,0,713,183,788,284,0
422,face,1,949,272,1012,363,0
422,face,2,341,197,416,307,0
423,face,0,714,185,788,285,0
423,face,1,951,270,1014,364,0
423,face,2,340,196,416,306,0
424,face,0,714,186,788,282,0
424,face,1,952,269,1010,361,0
424,face,2,340,196,415,306,0
425,face,0,714,185,788,282,0
425,face,1,952,267,1009,358,0
425,face,2,339,195,415,305,0
426,face,0,714,184,788,282,0
426,face,1,953,265,1009,358,0
426,face,2,339,195,414,304,0
427,face,0,714,184,788,283,0
427,face,1,955,262,1010,356,0
427,face,2,339,194,414,304,0
428,face,0,714,183,788,283,0
428,face,1,956,262,1010,355,0
428,face,2,341,197,413,305,0
429,face,0,714,183,788,283,0
429,face,1,956,262,1010,355,0
429,face,2,341,197,413,305,0
430,face,0,713,184,788,283,0
430,face,1,956,261,1012,354,0
430,face,2,341,198,413,305,0
431,face,0,713,184,787,282,0
431,face,1,955,261,1011,355,0
431,face,2,339,194,414,303,0
432,face,0,713,184,787,281,0
432,face,1,955,261,1011,355,0
432,face,2,339,194,415,303,0
433,face,0,714,185,788,281,0
433,face,1,955,261,1011,355,0
433,face,2,340,194,415,304,0
434,face,0,714,185,788,281,0
434,face,1,954,260,1011,356,0
434,face,2,340,194,415,304,0
435,face,0,715,184,789,282,0
435,face,1,953,260,1011,356,0
435,face,2,341,194,416,304,0
436,face,0,716,186,788,281,0
436,face,1,952,259,1011,356,0
436,face,2,340,194,417,305,0
437,face,0,717,186,789,283,0
437,face,1,952,259,1011,356,0
437,face,2,340,194,417,305,0
438,face,0,717,186,789,284,0
438,face,1,951,260,1010,357,0
438,face,2,341,195,417,305,0
439,face,0,717,186,789,284,0
439,face,1,951,260,1010,357,0
439,face,2,341,194,418,305,0
440,face,0,717,186,789,284,0
440,face,1,950,259,1009,358,0
440,face,2,342,194,418,306,0
441,face,0,717,186,788,284,0
441,face,1,950,258,1009,358,0
441,face,2,342,194,419,306,0
442,face,0,717,186,789,283,0
442,face,1,949,258,1009,358,0
442,face,2,342,194,419,306,0
443,face,0,718,187,790,283,0
443,face,1,949,258,1009,358,0
443,face,2,343,194,419,306,0
444,face,0,719,188,791,283,0
444,face,1,949,257,1010,358,0
444,face,2,343,194,419,306,0
445,face,0,720,189,793,282,0
445,face,1,949,257,1010,358,0
445,face,2,343,194,419,306,0
446,face,0,721,190,794,283,0
446,face,1,948,257,1010,358,0
446,face,2,343,195,419,306,0
447,face,0,722,190,795,282,0
447,face,1,948,257,1009,358,0
447,face,2,343,195,419,306,0
448,face,0,722,190,796,282,0
448,face,1,948,258,1008,358,0
448,face,2,343,195,419,306,0
449,face,0,723,189,797,282,0
449,face,1,948,259,1008,358,0
449,face,2,343,195,419,306,0
450,face,0,723,190,797,281,0
450,face,1,948,259,1007,359,0
450,face,2,343,195,419,306,0
451,face,0,717,188,790,280,0
451,face,1,948,259,1008,358,0
451,face,2,312,190,388,301,0
452,face,0,721,190,793,283,0
452,face,1,950,262,1009,360,0
452,face,2,307,191,385,302,0
453,face,0,721,190,795,283,0
453,face,1,950,261,1009,360,0
453,face,2,307,191,385,302,0
454,face,0,721,190,795,283,0
454,face,1,950,261,1009,360,0
454,face,2,307,191,385,302,0
455,face,0,722,190,795,283,0
455,face,1,950,261,1009,360,0
455,face,2,307,192,385,302,0
456,face,0,722,190,795,283,0
456,face,1,950,262,1009,359,0
456,face,2,307,192,385,302,0
457,face,0,721,190,794,284,0
457,face,1,950,262,1009,359,0
457,face,2,307,192,385,303,0
458,face,0,721,189,792,283,0
458,face,1,950,262,1010,359,0
458,face,2,308,192,386,303,0
459,face,0,720,189,791,282,0
459,face,1,950,262,1010,359,0
459,face,2,308,192,386,304,0
460,face,0,720,190,791,282,0
460,face,1,950,262,1010,359,0
460,face,2,309,192,387,304,0
461,face,0,719,190,791,282,0
461,face,1,950,262,1010,359,0
461,face,2,310,192,389,304,0
462,face,0,719,189,791,283,0
462,face,1,950,262,1010,360,0
462,face,2,310,192,390,303,0
463,face,0,718,187,790,284,0
463,face,1,950,262,1010,359,0
463,face,2,311,192,390,303,0
464,face,0,718,186,790,281,0
464,face,1,950,262,1010,359,0
464,face,2,313,192,391,303,0
465,face,0,717,186,787,276,0
465,face,1,950,262,1010,359,0
465,face,2,315,192,392,303,0
466,face,0,716,187,786,276,0
466,face,1,950,262,1010,360,0
466,face,2,315,192,393,303,0
467,face,0,714,186,786,277,0
467,face,1,950,262,1010,360,0
467,face,2,316,192,394,304,0
468,face,0,713,186,785,276,0
468,face,1,950,262,1010,360,0
468,face,2,316,192,394,304,0
469,face,0,713,185,784,277,0
469,face,1,950,262,1011,360,0
469,face,2,317,191,394,304,0
470,face,0,713,185,784,278,0
470,face,1,950,263,1011,360,0
470,face,2,318,192,394,304,0
471,face,0,713,185,785,281,0
471,face,1,950,263,1010,361,0
471,face,2,319,192,394,304,0
472,face,0,713,185,784,281,0
472,face,1,950,263,1010,361,0
472,face,2,319,192,394,304,0
473,face,0,713,185,784,281,0
473,face,1,950,263,1010,361,0
473,face,2,319,192,395,305,0
474,face,0,713,185,783,280,0
474,face,1,950,263,1010,361,0
474,face,2,319,192,395,305,0
475,face,0,712,185,783,279,0
475,face,1,951,263,1010,361,0
475,face,2,319,192,395,305,0
476,face,0,712,185,783,278,0
476,face,1,951,263,1010,361,0
476,face,2,319,192,395,304,0
477,face,0,712,185,783,279,0
477,face,1,951,263,1010,361,0
477,face,2,319,192,395,304,0
478,face,0,712,185,783,279,0
478,face,1,951,263,1010,361,0
478,face,2,319,192,395,304,0
479,face,0,712,185,783,279,0
479,face,1,950,263,1011,361,0
479,face,2,319,192,395,305,0
480,face,0,712,185,783,279,0
480,face,1,950,263,1011,361,0
480,face,2,319,192,395,305,0
481,face,0,712,185,783,279,0
481,face,1,950,263,1011,361,0
481,face,2,320,192,395,305,0
482,face,0,712,185,783,279,0
482,face,1,950,263,1011,361,0
482,face,2,320,192,396,305,0
483,face,0,712,185,783,280,0
483,face,1,951,263,1011,360,0
483,face,2,320,193,396,305,0
484,face,0,712,185,783,280,0
484,face,1,950,263,1011,360,0
484,face,2,320,193,396,305,0
485,face,0,712,186,783,279,0
485,face,1,950,263,1011,360,0
485,face,2,321,193,396,305,0
486,face,0,713,186,783,278,0
486,face,1,950,263,1011,360,0
486,face,2,321,193,397,305,0
487,face,0,712,186,783,278,0
487,face,1,950,263,1011,360,0
487,face,2,321,193,397,305,0
488,face,0,712,186,782,277,0
488,face,1,950,263,1011,361,0
488,face,2,322,193,397,304,0
489,face,0,712,185,782,277,0
489,face,1,950,263,1012,361,0
489,face,2,322,193,397,304,0
490,face,0,711,185,781,277,0
490,face,1,950,263,1011,361,0
490,face,2,323,194,397,304,0
491,face,0,711,185,781,276,0
491,face,1,950,264,1012,361,0
491,face,2,324,194,397,304,0
492,face,0,711,184,781,277,0
492,face,1,950,264,1011,360,0
492,face,2,324,194,398,304,0
493,face,0,711,183,782,277,0
493,face,1,950,264,1011,360,0
493,face,2,324,193,398,304,0
494,face,0,711,183,782,277,0
494,face,1,950,263,1012,360,0
494,face,2,324,194,398,304,0
495,face,0,712,183,782,278,0
495,face,1,950,263,1011,360,0
495,face,2,324,193,398,304,0
496,face,0,712,182,783,279,0
496,face,1,950,263,1011,360,0
496,face,2,325,193,399,304,0
497,face,0,713,181,785,279,0
497,face,1,950,263,1011,361,0
497,face,2,325,193,399,303,0
498,face,0,714,181,786,279,0
498,face,1,950,263,1011,361,0
498,face,2,325,193,399,303,0
499,face,0,714,181,787,278,0
499,face,1,950,263,1011,361,0
499,face,2,326,193,399,303,0
500,face,0,717,182,786,276,0
500,face,1,950,263,1010,361,0
500,face,2,326,193,399,303,0
501,face,0,714,181,787,276,0
501,face,1,950,263,1010,361,0
501,face,2,326,193,399,303,0
502,face,0,714,181,787,276,0
502,face,1,950,263,1010,361,0
502,face,2,326,193,399,303,0
503,face,0,714,182,786,274,0
503,face,1,950,264,1010,361,0
503,face,2,326,193,400,303,0
504,face,0,716,183,786,273,0
504,face,1,950,264,1010,361,0
504,face,2,326,194,400,303,0
505,face,0,717,183,787,273,0
505,face,1,950,263,1010,361,0
505,face,2,327,194,400,303,0
506,face,0,718,182,787,275,0
506,face,1,950,264,1010,361,0
506,face,2,327,194,400,303,0
507,face,0,718,183,788,275,0
507,face,1,950,264,1010,361,0
507,face,2,327,194,400,303,0
508,face,0,718,183,788,276,0
508,face,1,950,264,1010,361,0
508,face,2,327,194,400,303,0
509,face,0,717,183,788,276,0
509,face,1,950,264,1010,361,0
509,face,2,327,194,400,303,0
510,face,0,717,183,787,276,0
510,face,1,950,264,1010,361,0
510,face,2,327,194,400,303,0
511,face,0,717,183,788,276,0
511,face,1,950,264,1010,361,0
511,face,2,327,194,400,303,0
512,face,0,717,184,788,275,0
512,face,1,950,264,1010,361,0
512,face,2,327,194,400,303,0
513,face,0,717,184,788,275,0
513,face,1,950,264,1010,361,0
513,face,2,327,194,400,303,0
514,face,0,718,184,789,276,0
514,face,1,950,264,1010,361,0
514,face,2,327,194,400,303,0
515,face,0,720,187,792,281,0
515,face,1,949,267,1009,362,0
515,face,2,328,194,401,303,0
516,face,0,721,187,793,282,0
516,face,1,949,267,1010,362,0
516,face,2,328,194,401,303,0
517,face,0,722,188,794,281,0
517,face,1,949,267,1009,362,0
517,face,2,328,194,401,303,0
518,face,0,722,188,796,282,0
518,face,1,949,267,1009,362,0
518,face,2,328,194,401,303,0
519,face,0,721,187,796,280,0
519,face,1,949,267,1010,362,0
519,face,2,328,194,401,303,0
520,face,0,721,186,795,279,0
520,face,1,949,267,1010,362,0
520,face,2,328,194,401,303,0
521,face,0,720,186,795,278,0
521,face,1,949,267,1010,362,0
521,face,2,328,194,401,303,0
522,face,0,719,186,792,281,0
522,face,1,948,266,1009,363,0
522,face,2,328,194,401,303,0
523,face,0,717,185,790,282,0
523,face,1,948,266,1009,363,0
523,face,2,328,194,401,303,0
524,face,0,715,187,788,283,0
524,face,1,948,266,1009,363,0
524,face,2,328,194,401,303,0
525,face,0,713,186,787,283,0
525,face,1,948,266,1009,363,0
525,face,2,328,194,401,303,0
526,face,0,713,186,786,281,0
526,face,1,948,266,1009,364,0
526,face,2,328,194,401,303,0
527,face,0,713,186,786,281,0
527,face,1,948,266,1009,364,0
527,face,2,328,194,401,303,0
528,face,0,713,186,784,276,0
528,face,1,948,265,1008,364,0
528,face,2,328,194,401,303,0
529,face,0,712,184,784,276,0
529,face,1,947,266,1009,364,0
529,face,2,328,194,401,303,0
530,face,0,712,183,785,275,0
530,face,1,947,266,1008,364,0
530,face,2,328,194,401,303,0
531,face,0,713,183,785,276,0
531,face,1,947,266,1008,364,0
531,face,2,328,194,401,303,0
532,face,0,713,183,786,277,0
532,face,1,947,266,1008,363,0
532,face,2,328,194,401,303,0
533,face,0,713,183,785,277,0
533,face,1,948,266,1009,363,0
533,face,2,328,193,401,303,0
534,face,0,712,183,784,276,0
534,face,1,948,266,1009,364,0
534,face,2,328,193,401,303,0
535,face,0,712,182,783,275,0
535,face,1,948,266,1009,363,0
535,face,2,328,193,401,303,0
536,face,0,712,183,783,274,0
536,face,1,948,266,1010,363,0
536,face,2,328,193,401,303,0
537,face,0,713,182,784,275,0
537,face,1,948,266,1010,363,0
537,face,2,328,193,402,303,0
538,face,0,713,183,784,275,0
538,face,1,948,267,1010,363,0
538,face,2,328,193,402,303,0
539,face,0,713,184,784,275,0
539,face,1,949,268,1009,363,0
539,face,2,328,193,401,303,0
540,face,0,714,184,784,275,0
540,face,1,949,268,1009,363,0
540,face,2,328,193,401,302,0
541,face,0,714,184,783,275,0
541,face,1,950,268,1009,363,0
541,face,2,328,193,401,303,0
542,face,0,713,184,782,274,0
542,face,1,949,268,1009,363,0
542,face,2,328,193,401,303,0
543,face,0,712,184,782,275,0
543,face,1,950,267,1009,363,0
543,face,2,328,193,401,303,0
544,face,0,712,184,781,276,0
544,face,1,950,267,1010,363,0
544,face,2,328,193,401,303,0
545,face,0,712,184,782,277,0
545,face,1,950,266,1010,363,0
545,face,2,328,193,401,303,0
546,face,0,711,183,781,277,0
546,face,1,950,266,1010,363,0
546,face,2,328,193,401,303,0
547,face,0,710,183,781,277,0
547,face,1,950,266,1010,363,0
547,face,2,328,193,401,303,0
548,face,0,710,183,780,277,0
548,face,1,950,266,1010,363,0
548,face,2,328,193,401,303,0
549,face,0,710,183,779,277,0
549,face,1,950,266,1010,363,0
549,face,2,328,193,401,303,0
550,face,0,710,184,779,276,0
550,face,1,950,266,1010,363,0
550,face,2,328,193,401,303,0
551,face,0,710,184,779,276,0
551,face,1,950,266,1010,363,0
551,face,2,328,193,401,303,0
552,face,0,710,184,779,276,0
552,face,1,950,267,1010,363,0
552,face,2,328,193,401,303,0
553,face,0,710,184,779,277,0
553,face,1,950,267,1011,363,0
553,face,2,328,193,401,303,0
554,face,0,711,184,780,277,0
554,face,1,950,267,1011,362,0
554,face,2,328,193,401,303,0
555,face,0,711,184,780,276,0
555,face,1,950,266,1010,362,0
555,face,2,328,193,401,303,0
556,face,0,711,184,781,276,0
556,face,1,950,266,1010,362,0
556,face,2,328,193,401,303,0
557,face,0,712,183,783,277,0
557,face,1,950,266,1010,362,0
557,face,2,328,193,401,303,0
558,face,0,713,183,785,277,0
558,face,1,950,267,1010,362,0
558,face,2,328,192,401,302,0
559,face,0,714,182,787,277,0
559,face,1,949,268,1009,362,0
559,face,2,328,192,401,302,0
560,face,0,716,184,786,277,0
560,face,1,949,268,1009,362,0
560,face,2,328,191,401,302,0
561,face,0,717,183,787,278,0
561,face,1,949,268,1009,362,0
561,face,2,328,191,401,301,0
562,face,0,718,182,787,279,0
562,face,1,949,268,1009,362,0
562,face,2,327,191,401,301,0
563,face,0,718,182,787,279,0
563,face,1,948,268,1009,362,0
563,face,2,328,191,401,301,0
564,face,0,717,183,787,277,0
564,face,1,948,267,1009,363,0
564,face,2,327,191,401,301,0
565,face,0,717,183,786,275,0
565,face,1,948,267,1009,363,0
565,face,2,327,191,401,301,0
566,face,0,717,184,786,274,0
566,face,1,948,267,1009,363,0
566,face,2,327,191,401,301,0
567,face,0,717,184,786,275,0
567,face,1,948,267,1010,363,0
567,face,2,327,191,401,302,0
568,face,0,717,185,786,275,0
568,face,1,948,267,1010,363,0
568,face,2,327,191,401,302,0
569,face,0,717,185,786,275,0
569,face,1,948,267,1010,363,0
569,face,2,327,191,401,302,0
570,face,0,715,184,786,276,0
570,face,1,948,267,1009,363,0
570,face,2,328,191,401,302,0
571,face,0,715,184,787,275,0
571,face,1,948,268,1009,363,0
571,face,2,327,191,401,302,0
572,face,0,715,183,787,276,0
572,face,1,948,268,1009,363,0
572,face,2,327,191,401,302,0
573,face,0,715,183,787,276,0
573,face,1,948,267,1009,363,0
573,face,2,327,191,401,302,0
574,face,0,716,184,786,275,0
574,face,1,949,268,1009,363,0
574,face,2,327,191,401,302,0
575,face,0,717,183,786,275,0
575,face,1,949,267,1010,363,0
575,face,2,327,191,401,302,0
576,face,0,717,183,786,275,0
576,face,1,949,267,1010,363,0
576,face,2,327,191,401,302,0
577,face,0,717,182,786,275,0
577,face,1,949,268,1010,363,0
577,face,2,328,192,401,302,0
578,face,0,717,182,787,274,0
578,face,1,949,267,1010,363,0
578,face,2,327,192,401,302,0
579,face,0,717,182,787,274,0
579,face,1,950,267,1010,363,0
579,face,2,327,192,401,302,0
580,face,0,717,182,787,273,0
580,face,1,950,267,1010,363,0
580,face,2,328,192,401,302,0
581,face,0,718,182,787,273,0
581,face,1,950,266,1010,362,0
581,face,2,328,192,401,302,0
582,face,2,329,187,403,304,0
582,face,0,717,188,780,276,0
582,face,1,948,267,1009,364,0
583,face,2,328,188,402,305,0
583,face,0,719,188,782,276,0
583,face,1,950,267,1011,364,0
584,face,2,330,186,404,303,0
584,face,0,720,191,783,279,0
584,face,1,950,267,1011,364,0
585,face,2,329,187,403,304,0
585,face,0,718,195,781,283,0
585,face,1,950,267,1011,364,0
586,face,2,330,187,404,304,0
586,face,0,717,199,780,287,0
586,face,1,949,268,1010,365,0
587,face,2,330,187,404,304,0
587,face,0,716,200,779,288,0
587,face,1,949,268,1010,365,0
588,face,2,329,186,403,303,0
588,face,0,714,196,777,284,0
588,face,1,948,268,1009,365,0
589,face,2,331,185,405,302,0
589,face,0,720,196,783,284,0
589,face,1,948,267,1009,364,0
590,face,2,330,187,404,304,0
590,face,0,718,195,781,283,0
590,face,1,947,267,1008,364,0
591,face,2,331,188,405,305,0
591,face,0,719,186,782,274,0
591,face,1,947,268,1008,365,0
592,face,2,331,187,405,304,0
592,face,0,721,188,784,276,0
592,face,1,947,268,1008,365,0
593,face,2,332,187,406,304,0
593,face,0,721,189,784,277,0
593,face,1,947,267,1008,364,0
594,face,2,332,186,406,303,0
594,face,0,721,188,784,276,0
594,face,1,947,267,1008,364,0
595,face,2,331,187,405,304,0
595,face,0,721,188,784,276,0
595,face,1,946,267,1007,364,0
596,face,2,333,187,407,304,0
596,face,0,721,187,784,275,0
596,face,1,945,267,1006,364,0
597,face,2,332,185,406,302,0
597,face,0,720,186,783,274,0
597,face,1,944,268,1005,365,0
598,face,2,332,187,406,304,0
598,face,0,720,187,783,275,0
598,face,1,944,269,1005,366,0
599,face,2,333,188,407,305,0
599,face,0,720,188,783,276,0
599,face,1,945,269,1006,366,0
600,face,2,333,186,407,303,0
600,face,0,721,187,784,275,0
600,face,1,945,270,1006,367,0
601,face,2,333,188,407,305,0
601,face,0,721,186,784,274,0
601,face,1,944,268,1005,365,0
602,face,2,334,187,408,304,0
602,face,0,720,186,783,274,0
602,face,1,943,269,1004,366,0
603,face,2,334,187,408,304,0
603,face,0,720,187,783,275,0
603,face,1,943,268,1004,365,0
604,face,2,334,188,408,305,0
604,face,0,720,188,783,276,0
604,face,1,943,268,1004,365,0
605,face,2,334,187,408,304,0
605,face,0,722,191,785,279,0
605,face,1,943,269,1004,366,0
606,face,2,335,186,409,303,0
606,face,0,722,196,785,284,0
606,face,1,944,269,1005,366,0
